"Where the Nova Scotia government is typically anti-mining, does that mindset need to change within our government for the local economy to continue to grow?"
Era consultarle . PensÃ© hacerla para Argentina.  Cuando puse el paÃ­s me ponÃ­a advertencias cuando puse Argentina.  Puse para uruguay asi que se viene uruguay con todo!!! Le decÃ­a si quiere darme alguna idea particular para uruguay . Gracias x su paciencia y x TODO 
"Will the procurement plan be digitalized, or will this be another document.  How to ensure this isnâ€™t a duplicated process?"
Why can't fundamental Church teachings just be left alone? These are unchanging truths of our faith & assenting to these truths is essential to being Catholic. 
çµ†å‰µè†
L
We need employees in all departments and at various levels.  How can educational institutions work to help us now and in the future?
....to own challenges w solutions/ recommendations & implement. (2/2)
leverage IR&D dollars: needs increased interaction and steering by operator to appropriate investment. can SOCOM create an agnostic environment with industry? 
Any plans for PB RRMs reviewing credit requests in Holdco's name instead of SB RRMs?
5519290
à¹‚à¸—à¸£
"ComitÃªs Executivos para projetos estratÃ©gicos de inovaÃ§Ã£o a cada 30 dias, infelizmente as priorizacoes do C LEVEL afunilam sempre nas mesmas pessoas e Ã¡reas."
No
WHY ALL THE CAPS
"Halo kak, untuk CV ATS apakah harus mencantumkan foto juga?"
ğŸ‘¹ğŸ‘º
good morning peopleğŸ˜ğŸª·
Autolayout/ responsive
"ProÄ se do rotundy nepouÅ¡tÃ­ dÅ™Ã­ve, aby po nÃ¡s pak nekÅ™iÄeli orgovÃ©, aby jsme si pohnuli? "
"How do you set your funding goals numbers? What factors contribute to it?Also, do you start actual operations before your close the round, or focus on funding?"
ãƒ‹ãƒˆãƒªã®ä¼šç¤¾ã®é›°å›²æ°—ã‚’ä¸€è¨€ã§æ•™ãˆã¦ãã ã•ã„ï¼
Women?
My Forex Funds acepta repeat?
"Bonjour, Pourriez-vous nous indiquer ou nous pouvons trouver ce kit ?"
"Is it possible to download the location scanned GLB file at run-time in the app when on-site with an 8th Wall, rather than from the geo-location browser."
Test 1
ì…ì‚¬í•œì§€ ì–¼ë§ˆë˜ì§€ ì•Šì•„ í˜„ ìƒí™©ì˜ ì‹¬ê°ì„±ì„ ì˜ ëª¨ë¥´ê² ëŠ”ë°ìš”.. ë…¸ì¡°ì—ì„œ ë³´ì‹œê¸°ì— í˜„ ì‚¬íƒœì—ì„œ ê°€ì¥ ìš°ë ¤ë˜ëŠ” ë¶€ë¶„ì€ ì–´ë–¤ê±´ê°€ìš”?
How does the company benchmark its compensation practices against industry standards to ensure competitiveness while still maintaining internal pay equity?
Can you please provide more detail about what is required when mapping out occupational performance strengths & issues using the OPMA for the oral assessment?
"Kebiasaan/kiat-kita apa saja si dok, biar kita gak mudah stresss ngadapin pekerjaan?"
An der einige AfB Bundes Politik wurde zu VerfÃ¼gung aufgestellt Konzept aufzustellen zum fehlende LehrkrÃ¤ften und SchÃ¼lern zu Entwickeln 
Gender
The minions
Thanks heaps for this!
"TÃ¡ impresso no papel o print do Google Authenticator, Thales. "
"@JayLee, why is it important to know the ""outliers"" articles that had a really high score (either positive or negative) that threw the scores a certain way?"
How many homes are likely to meet the current criteria to be targeted for buy backs over the next decade? 
What is the best way to submit proposals or get R&D contracts?
ä»Šæ—¥ã¯æ–°å¹¹ç·šã®è»Šå†…ã‹ã‚‰å‚æˆ¦(*'Ï‰'*)
Are offtake contracts essential for getting a new clean hydrogen project to FID?
What does good look like - Sarah hardman  and Paulâ€™s wider evaluation work will feed in 
Are lenders of the view/concerned that incentives artificially inflate new build sale prices?
Sure dine ğŸ˜ŠğŸ˜ŠğŸ˜ğŸ˜ğŸ˜ğŸ˜ğŸ˜›ğŸ˜›ğŸ˜›ğŸ˜›ğŸ¦–ğŸ¦–ğŸ¦–ğŸ¦–ğŸ˜ˆğŸ˜ˆğŸ˜ˆğŸ˜ˆğŸ˜ˆğŸ™ŠğŸ™ŠğŸ™ŠğŸ™ŠğŸ™ŠğŸ™ŠğŸ™ŠğŸ™ŠğŸ™ŠğŸ™Š
"Mas ini di record kan ya ? , karena saya tidak bisa ikut online harapannya bisa melihat recording. Terimakasih"
NTNUå°å¯æ„›
Julieta
Dáº¡ sá»‘ nhÃ³m tá»± lá»±a pháº£i khÃ´ng áº¡ 
Caio
What do cross-term courses look like? How will students know when a course is cross-term?
Supporting fellow trainees 
To Alyanna: Who will make and maintain the website you're talking about?
545
Any suggestions for strategies when having discussions with our teams on their drivers? What to steer away from? 
Que bacano todo ese trader room que te traes ahi Renzooo ! 
"Your innovation labâ€™s biggest job is not about bringing in new technology, it is about breaking down barriers erected by your employees and clients to using it."
"ĞÑĞºĞ¾Ğ¸ ÑƒĞ¿Ñ€Ğ°Ğ¶Ğ½ĞµĞ½Ğ¸Ñ ÑĞ° Ğ² Ñ‡ĞµÑ‚Ğ²ÑŠÑ€Ñ‚ÑŠĞº, Ğ° Ğ½Ğµ Ğ² Ğ¿ĞµÑ‚ÑŠĞº Ğ´Ğ¾ĞºĞ¾Ğ»ĞºĞ¾Ñ‚Ğ¾ Ğ²Ğ¸Ğ¶Ğ´Ğ°Ğ¼ Ğ² ĞºĞ°Ğ»ĞµĞ½Ğ´Ğ°Ñ€Ğ°. Ğ˜Ğ»Ğ¸ Ğ½ĞµÑ‰Ğ¾ ÑĞµ Ğ±ÑŠÑ€ĞºĞ°Ğ¼?"
æ²’æœ‰è²¬ä»»å¿ƒ
There are two types of values: those that are spoken and those that are acted out. Actions don't always match spoken values. How do we ensure that the values of CBPR (the ideas of working with) influence and underpin actions and activities?
PPTæ²’é€£å‹•ï¼Œçœ‹ä¸åˆ°
æ¯æ—¥é‡‘é­šã«é¤Œã‚’ç¥–æ¯ãŒã‚„ã£ã¦ã„ãŸã‚‰ã€å®¶æ—ã®ã ã‚ŒãŒè¿‘ã¥ã„ã¦ã‚‚åå¿œãŒãªã„ã®ã«ã€ç¥–æ¯ãŒè¿‘ã¥ã„ãŸã‚‰æ°´æ§½ã®ä¸Šã®ã»ã†ã¾ã§æ¥ã‚‹ã‚ˆã†ã«ãªã£ãŸ
ãƒãƒ¼ã‚¯ã‚·ãƒ£ãƒ¼ã¯è‡ªç¤¾æ ªè²·ã„ã¯ã—ãªã„ã®ã§ã™ã‹ï¼Ÿ
It seems like we are spreading thin at the moment. The experience with PGC product ain't really adding any value to our current memberships for FIFA and dota?
Lyden forsvandt et minuts tid.
"that is a great point Lisa - those that do float to a department, give them GRACE!  "
"How are current financial schemes/initiatives that provide financial help to the low-income lacking, and how can we improve them?"
POTUS 
why do we need to several rounds of ranking after recall?
Is there a DOWNLOAD ALL button for UFLI Resources that are located online or do we have to download them individually??? 
"Kellie, through the CSP disclosures we heard about the establishment of an Australian Advisory group. How is this group progressing?"
fuck aidan
æ˜¨å¹´æ‹…ä»»ã—ãŸå…ç«¥ãŒã¨ã£ã¦ã„ã¦çµæœã‚’ã‚‚ã£ã¦ãã¾ã—ãŸã€‚
Apakah tidak ada keseriusan oleh BPKP dalam mengawas pembangunan dan keuangan? Sehingga masih banyak penyimpangan dan koruptor yang terjadi di negara kita? 
"Between the two of you, do you have any blind spots (that youâ€™re aware of)? And if so, what do you do about it? "
Is there a time frame limit between sibling screening/enrollment?
Dagangan tetap sepi dan tidak ada pembeli 
äº§ä¸šå…ˆè¡Œè¿˜æ˜¯ç›‘ç®¡å…ˆè¡Œï¼Œå¦‚ä½•åšå¥½ä¸¤è€…å¹³è¡¡ï¼Ÿå°¤å…¶åœ¨ç°åœ¨å¸‚åœºåŸ¹è‚²çš„åˆæœŸï¼Œå¦‚ä½•å‘æŒ¥äº§ä¸šçš„ä¼˜åŠ¿ï¼Œè®©æ”¿åºœç»™äºˆè¶³å¤Ÿçš„åˆ›æ–°ç©ºé—´ï¼Œå°¤å…¶æ˜¯åœ¨æ•°æ®å…±äº«ã€çŸ¥è¯†ä¼˜åŒ–ã€å†³ç­–è½åœ°æ–¹é¢ï¼Ÿ
QUE PASO?
ãã‚Œã¯å¥åº·ä½“ã®äººã‚’æ®ºã™ã“ã¨ã¯æ®ºäººã«ç¹‹ãŒã£ã¦ãã‚‹ã‘ã©è„³æ­»ã—ã¦ã‚‹äººã¯ã‚‚ã†æ­»ã‚“ã§ã‚‹ã‚ˆã†ãªã‚‚ã‚“ã ã‹ã‚‰ç½ªæ‚ªæ„Ÿã¨ã‹ã‚ã‚‹ã‚„ã‚çŸ¥ã‚‰ã‚“ã‘ã©
"Your thoughts on the ECB and other national banks transitioning to digital currencies, and how do you see the forced adoption of such currencies in Nigeria?"
ì²´ê³ 
So the new BPEO can accommodate a 7mm SNR including the gas stop?
HELLO
 any secret couple we donâ€™t know about ? Spill the tea
"In our lives there is striving for success and on the other hand - the pleasures of life, living in the moment. Question is, how does one balance between both?"
Hihaho
Wie gut muss man den eigenen Assay kÃ¶nnen?
EN PREGUNTAS FRECUENTES  ME LANZA A NOT FOUD
ã¿ã‚„ã—ã‚‡ã†ã¾
Will UWA still do the early offers for second preferred course as they don't do early offer for the a first preferred course (like medicine)
Welcome!
Can there be a reason for a high or increasing PSA other than prostate cancer?
Test
"profe buenas noches, con quien nos recomienda sinteticos? gracias"
https://editor.p5js.org/jbluth22/sketches/Ah8R_xn1M - jackson
"The mission requires huge human and monetary resources, whatâ€™s the thinking at this stage?"
Text analysis and summary 
"What does more interaction with Franchisees look like? Is it like when new feature is introduced, franchises should be provided overview & get their feedback ?"
"Which team is going to take over production related topics, which were previously handled by Enablement (e.g. Production ecosystem releases)?"
Profe fui ganador de una cuenta de fondeo de 5k con black shep pero no me la han dado accesoo ala cuenta en impulse ya hice el registro
